seller_id,current_period,governance_priority_score,governance_priority_tier,main_risk_driver,recommended_action
S00001,2026-02,44.78047738624815,Moderate,seller_quality,seller coaching required
S00002,2026-02,44.14995195606093,Moderate,seller_quality,seller coaching required
S00003,2026-02,39.088472342134025,Moderate,seller_quality,seller coaching required
S00004,2026-02,41.2938468179688,Moderate,seller_quality,seller coaching required
S00005,2026-02,38.97783746786583,Moderate,concentration_risk,seller coaching required
S00006,2026-02,58.20127519897924,High,seller_quality,audit seller operations
S00007,2026-02,20.560353870164768,Low,seller_quality,monitor only
S00008,2026-02,49.89362713866096,Moderate,seller_quality,seller coaching required
S00009,2026-02,35.36876497280669,Moderate,seller_quality,seller coaching required
S00010,2026-02,33.89671382773066,Moderate,seller_quality,seller coaching required
S00011,2026-02,47.502853894067606,Moderate,seller_quality,seller coaching required
S00012,2026-02,36.8848062310514,Moderate,seller_quality,seller coaching required
S00013,2026-02,33.46831807388506,Moderate,seller_quality,seller coaching required
S00014,2026-02,54.6829413215745,Moderate,seller_quality,seller coaching required
S00015,2026-02,49.37511376664036,Moderate,seller_quality,seller coaching required
S00016,2026-02,58.59633085756322,High,seller_quality,audit seller operations
S00017,2026-02,30.073689107229463,Moderate,concentration_risk,seller coaching required
S00018,2026-02,26.8913929620499,Low,seller_quality,monitor only
S00019,2026-02,40.49236504896054,Moderate,seller_quality,seller coaching required
S00020,2026-02,31.72456383159086,Moderate,seller_quality,seller coaching required
S00021,2026-02,46.45208331727719,Moderate,seller_quality,seller coaching required
S00022,2026-02,41.70850045013259,Moderate,concentration_risk,seller coaching required
S00023,2026-02,33.199514539414984,Moderate,seller_quality,seller coaching required
S00024,2026-02,49.74435281571736,Moderate,seller_quality,seller coaching required
S00025,2026-02,45.71870045395187,Moderate,seller_quality,seller coaching required
S00026,2026-02,29.53047817762367,Low,seller_quality,monitor only
S00027,2026-02,41.5711450171027,Moderate,seller_quality,seller coaching required
S00028,2026-02,38.717244535337606,Moderate,seller_quality,seller coaching required
S00029,2026-02,40.25240563487718,Moderate,seller_quality,seller coaching required
S00030,2026-02,37.60672489084914,Moderate,seller_quality,seller coaching required
S00031,2026-02,24.39509929682283,Low,seller_quality,monitor only
S00032,2026-02,37.521907847406204,Moderate,seller_quality,seller coaching required
S00033,2026-02,51.59926242925661,Moderate,seller_quality,seller coaching required
S00034,2026-02,18.815086251370353,Low,margin_fragility,monitor only
S00035,2026-02,27.968006330459694,Low,seller_quality,monitor only
S00036,2026-02,54.21357496217492,Moderate,seller_quality,seller coaching required
S00037,2026-02,50.57562003428072,Moderate,seller_quality,seller coaching required
S00038,2026-02,30.586054508991683,Moderate,seller_quality,seller coaching required
S00039,2026-02,22.120248500739045,Low,seller_quality,monitor only
S00040,2026-02,41.30426220857978,Moderate,seller_quality,seller coaching required
S00041,2026-02,48.01089480441542,Moderate,seller_quality,seller coaching required
S00042,2026-02,33.83575044053811,Moderate,margin_fragility,seller coaching required
S00043,2026-02,40.34354584699113,Moderate,seller_quality,seller coaching required
S00044,2026-02,53.66758160135721,Moderate,seller_quality,seller coaching required
S00045,2026-02,39.8626658323343,Moderate,seller_quality,seller coaching required
S00046,2026-02,43.488992726008135,Moderate,seller_quality,seller coaching required
S00047,2026-02,36.23614295025573,Moderate,seller_quality,seller coaching required
S00048,2026-02,42.58926954680344,Moderate,seller_quality,seller coaching required
S00049,2026-02,19.590000000000003,Low,margin_fragility,monitor only
S00050,2026-02,26.035488938313794,Low,concentration_risk,monitor only
S00051,2026-02,50.013061677921996,Moderate,seller_quality,seller coaching required
S00052,2026-02,39.0198692851699,Moderate,seller_quality,seller coaching required
S00053,2026-02,32.68921407297825,Moderate,seller_quality,seller coaching required
S00054,2026-02,42.64310874735365,Moderate,concentration_risk,seller coaching required
S00055,2026-02,53.41945335655647,Moderate,seller_quality,seller coaching required
S00056,2026-02,52.651815236473595,Moderate,seller_quality,seller coaching required
S00057,2026-02,37.771460817441366,Moderate,seller_quality,seller coaching required
S00058,2026-02,42.37230092100924,Moderate,seller_quality,seller coaching required
S00059,2026-02,52.6274880369798,Moderate,seller_quality,seller coaching required
S00060,2026-02,51.704577689156956,Moderate,concentration_risk,seller coaching required
S00061,2026-02,34.0929367794733,Moderate,margin_fragility,seller coaching required
S00062,2026-02,14.484884599099429,Low,seller_quality,monitor only
S00063,2026-02,43.352600155557234,Moderate,concentration_risk,seller coaching required
S00064,2026-02,45.42117147575395,Moderate,seller_quality,seller coaching required
S00065,2026-02,20.594954697131094,Low,seller_quality,monitor only
S00066,2026-02,32.197630977257006,Moderate,seller_quality,seller coaching required
S00067,2026-02,42.18204558084851,Moderate,seller_quality,seller coaching required
S00068,2026-02,36.87237593741314,Moderate,seller_quality,seller coaching required
S00069,2026-02,61.535752414175036,High,seller_quality,audit seller operations
S00070,2026-02,49.92494121942062,Moderate,seller_quality,seller coaching required
S00071,2026-02,36.28387794302423,Moderate,fraud_exposure,seller coaching required
S00072,2026-02,23.78408670870613,Low,seller_quality,monitor only
S00073,2026-02,44.95984256516798,Moderate,seller_quality,seller coaching required
S00074,2026-02,49.56266995135621,Moderate,concentration_risk,seller coaching required
S00075,2026-02,46.20879186940448,Moderate,margin_fragility,seller coaching required
S00076,2026-02,37.70548756859372,Moderate,seller_quality,seller coaching required
S00077,2026-02,37.149233330840104,Moderate,seller_quality,seller coaching required
S00078,2026-02,37.16047359152954,Moderate,concentration_risk,seller coaching required
S00079,2026-02,39.5424215251257,Moderate,seller_quality,seller coaching required
S00080,2026-02,62.42318343249811,High,seller_quality,audit seller operations
S00081,2026-02,41.47353460813497,Moderate,seller_quality,seller coaching required
S00082,2026-02,29.928207953573196,Low,seller_quality,monitor only
S00083,2026-02,42.03480275465487,Moderate,concentration_risk,seller coaching required
S00084,2026-02,48.0979760927453,Moderate,seller_quality,seller coaching required
S00085,2026-02,40.369625455131235,Moderate,seller_quality,seller coaching required
S00086,2026-02,53.09392278387323,Moderate,seller_quality,seller coaching required
S00087,2026-02,44.27530157450314,Moderate,seller_quality,seller coaching required
S00088,2026-02,37.71645298865128,Moderate,concentration_risk,seller coaching required
S00089,2026-02,44.38396215253253,Moderate,seller_quality,seller coaching required
S00090,2026-02,39.48271751744052,Moderate,seller_quality,seller coaching required
S00091,2026-02,47.65888520961174,Moderate,concentration_risk,seller coaching required
S00092,2026-02,40.85802522791963,Moderate,seller_quality,seller coaching required
S00093,2026-02,58.190184192227456,High,seller_quality,audit seller operations
S00094,2026-02,41.63115938550332,Moderate,seller_quality,seller coaching required
S00095,2026-02,41.201286720660725,Moderate,seller_quality,seller coaching required
S00096,2026-02,31.272766920536867,Moderate,seller_quality,seller coaching required
S00097,2026-02,54.45723538099067,Moderate,seller_quality,seller coaching required
S00098,2026-02,36.00568822683658,Moderate,seller_quality,seller coaching required
S00099,2026-02,36.07366998285777,Moderate,seller_quality,seller coaching required
S00100,2026-02,55.13952550931034,High,seller_quality,audit seller operations
S00101,2026-02,51.38030644995175,Moderate,seller_quality,seller coaching required
S00102,2026-02,27.566551352055576,Low,seller_quality,monitor only
S00103,2026-02,20.851094284685544,Low,margin_fragility,monitor only
S00104,2026-02,42.47787573751987,Moderate,seller_quality,seller coaching required
S00105,2026-02,50.26198572929691,Moderate,concentration_risk,seller coaching required
S00106,2026-02,41.53131396200169,Moderate,seller_quality,seller coaching required
S00107,2026-02,33.258581777330875,Moderate,seller_quality,seller coaching required
S00108,2026-02,56.59557616467619,High,seller_quality,audit seller operations
S00109,2026-02,40.78638108428818,Moderate,concentration_risk,seller coaching required
S00110,2026-02,37.06228419373552,Moderate,seller_quality,seller coaching required
S00111,2026-02,41.83616455576881,Moderate,seller_quality,seller coaching required
S00112,2026-02,34.42239360934305,Moderate,seller_quality,seller coaching required
S00113,2026-02,38.32536047921852,Moderate,seller_quality,seller coaching required
S00114,2026-02,56.56321787479226,High,seller_quality,audit seller operations
S00115,2026-02,48.10583211985486,Moderate,seller_quality,seller coaching required
S00116,2026-02,49.10578263974843,Moderate,seller_quality,seller coaching required
S00117,2026-02,50.69448705481998,Moderate,seller_quality,seller coaching required
S00118,2026-02,38.9862699563834,Moderate,seller_quality,seller coaching required
S00119,2026-02,63.17144092339959,High,seller_quality,audit seller operations
S00120,2026-02,42.15282623858023,Moderate,seller_quality,seller coaching required
S00121,2026-02,52.41597224895828,Moderate,seller_quality,seller coaching required
S00122,2026-02,59.20992112484015,High,seller_quality,audit seller operations
S00123,2026-02,45.64028399470611,Moderate,seller_quality,seller coaching required
S00124,2026-02,54.197374653844264,Moderate,seller_quality,seller coaching required
S00125,2026-02,34.298962682454174,Moderate,seller_quality,seller coaching required
S00126,2026-02,55.74248173298095,High,concentration_risk,investigate dispute cluster
S00127,2026-02,44.703596982429495,Moderate,concentration_risk,seller coaching required
S00128,2026-02,38.36845850503428,Moderate,seller_quality,seller coaching required
S00129,2026-02,41.58678792507396,Moderate,seller_quality,seller coaching required
S00130,2026-02,50.98727824569733,Moderate,seller_quality,seller coaching required
S00131,2026-02,43.68456239609275,Moderate,seller_quality,seller coaching required
S00132,2026-02,37.445347098289886,Moderate,concentration_risk,seller coaching required
S00133,2026-02,44.93422030216741,Moderate,seller_quality,seller coaching required
S00134,2026-02,32.17513822132969,Moderate,seller_quality,seller coaching required
S00135,2026-02,37.460329980295825,Moderate,seller_quality,seller coaching required
S00136,2026-02,54.666925719484276,Moderate,seller_quality,seller coaching required
S00137,2026-02,52.16805319783278,Moderate,seller_quality,seller coaching required
S00138,2026-02,54.42666197975463,Moderate,seller_quality,seller coaching required
S00139,2026-02,54.644398203172734,Moderate,seller_quality,seller coaching required
S00140,2026-02,53.80115359803627,Moderate,seller_quality,seller coaching required
S00141,2026-02,42.69459648059366,Moderate,concentration_risk,seller coaching required
S00142,2026-02,34.41588791863684,Moderate,concentration_risk,seller coaching required
S00143,2026-02,51.49929129393776,Moderate,seller_quality,seller coaching required
S00144,2026-02,37.04935028180342,Moderate,seller_quality,seller coaching required
S00145,2026-02,34.3608279582052,Moderate,seller_quality,seller coaching required
S00146,2026-02,52.67732417123109,Moderate,seller_quality,seller coaching required
S00147,2026-02,45.99615185311397,Moderate,seller_quality,seller coaching required
S00148,2026-02,25.867498996324624,Low,seller_quality,monitor only
S00149,2026-02,46.02031393615789,Moderate,seller_quality,seller coaching required
S00150,2026-02,41.15559936436884,Moderate,seller_quality,seller coaching required
S00151,2026-02,59.3357865371578,High,seller_quality,audit seller operations
S00152,2026-02,54.48198194688639,Moderate,seller_quality,seller coaching required
S00153,2026-02,47.214739427727245,Moderate,seller_quality,seller coaching required
S00154,2026-02,35.922550174520076,Moderate,seller_quality,seller coaching required
S00155,2026-02,32.83265142156901,Moderate,seller_quality,seller coaching required
S00156,2026-02,30.45585260315697,Moderate,seller_quality,seller coaching required
S00157,2026-02,53.435894163227005,Moderate,concentration_risk,seller coaching required
S00158,2026-02,40.717465408403484,Moderate,seller_quality,seller coaching required
S00159,2026-02,38.7010534093812,Moderate,seller_quality,seller coaching required
S00160,2026-02,45.72369448501943,Moderate,seller_quality,seller coaching required
S00161,2026-02,58.258927946634,High,seller_quality,audit seller operations
S00162,2026-02,59.9029721744446,High,seller_quality,audit seller operations
S00163,2026-02,69.34473314978669,High,seller_quality,audit seller operations
S00164,2026-02,43.65854253521293,Moderate,concentration_risk,seller coaching required
S00165,2026-02,39.54281766680785,Moderate,seller_quality,seller coaching required
S00166,2026-02,31.19519798397566,Moderate,seller_quality,seller coaching required
S00167,2026-02,44.97470646782641,Moderate,concentration_risk,seller coaching required
S00168,2026-02,35.53261104594678,Moderate,margin_fragility,seller coaching required
S00169,2026-02,45.77390040266689,Moderate,seller_quality,seller coaching required
S00170,2026-02,38.97991722306417,Moderate,seller_quality,seller coaching required
S00171,2026-02,47.85725110308003,Moderate,seller_quality,seller coaching required
S00172,2026-02,41.85169094690212,Moderate,concentration_risk,seller coaching required
S00173,2026-02,36.86166941860764,Moderate,seller_quality,seller coaching required
S00174,2026-02,43.70342989547389,Moderate,seller_quality,seller coaching required
S00175,2026-02,46.517189411617935,Moderate,concentration_risk,seller coaching required
S00176,2026-02,24.41085767575533,Low,seller_quality,monitor only
S00177,2026-02,38.30501599568605,Moderate,seller_quality,seller coaching required
S00178,2026-02,58.920855199301386,High,concentration_risk,investigate dispute cluster
S00179,2026-02,42.41495957274527,Moderate,seller_quality,seller coaching required
S00180,2026-02,51.33894483379591,Moderate,concentration_risk,seller coaching required
S00181,2026-02,35.705867750415784,Moderate,seller_quality,seller coaching required
S00182,2026-02,49.44104950289814,Moderate,seller_quality,seller coaching required
S00183,2026-02,38.29600883520245,Moderate,concentration_risk,seller coaching required
S00184,2026-02,61.532825202038836,High,seller_quality,audit seller operations
S00185,2026-02,38.78766624571477,Moderate,seller_quality,seller coaching required
S00186,2026-02,59.31807945361429,High,seller_quality,audit seller operations
S00187,2026-02,47.84831398884186,Moderate,seller_quality,seller coaching required
S00188,2026-02,38.766213471289255,Moderate,concentration_risk,seller coaching required
S00189,2026-02,40.48136030925652,Moderate,concentration_risk,seller coaching required
S00190,2026-02,43.61874525806464,Moderate,seller_quality,seller coaching required
S00191,2026-02,42.16875388277057,Moderate,seller_quality,seller coaching required
S00192,2026-02,46.25789336905455,Moderate,concentration_risk,seller coaching required
S00193,2026-02,64.75209568769426,High,seller_quality,audit seller operations
S00194,2026-02,62.42772176987861,High,seller_quality,audit seller operations
S00195,2026-02,43.67625902757514,Moderate,seller_quality,seller coaching required
S00196,2026-02,41.20224775308705,Moderate,seller_quality,seller coaching required
S00197,2026-02,37.586690834670776,Moderate,seller_quality,seller coaching required
S00198,2026-02,59.971324420865855,High,seller_quality,audit seller operations
S00199,2026-02,44.74270221471132,Moderate,fraud_exposure,seller coaching required
S00200,2026-02,37.66960237839891,Moderate,concentration_risk,seller coaching required
S00201,2026-02,57.81912852093574,High,concentration_risk,investigate dispute cluster
S00202,2026-02,41.79491546407013,Moderate,seller_quality,seller coaching required
S00203,2026-02,48.374538166831464,Moderate,seller_quality,seller coaching required
S00204,2026-02,30.26079124061583,Moderate,seller_quality,seller coaching required
S00205,2026-02,32.324071909167685,Moderate,seller_quality,seller coaching required
S00206,2026-02,39.25447278709177,Moderate,seller_quality,seller coaching required
S00207,2026-02,43.20549017000755,Moderate,concentration_risk,seller coaching required
S00208,2026-02,54.43198881934223,Moderate,seller_quality,seller coaching required
S00209,2026-02,40.11406639154498,Moderate,seller_quality,seller coaching required
S00210,2026-02,48.83164777904935,Moderate,seller_quality,seller coaching required
S00211,2026-02,44.92048270876748,Moderate,seller_quality,seller coaching required
S00212,2026-02,37.30516500020913,Moderate,seller_quality,seller coaching required
S00213,2026-02,57.97602394069973,High,seller_quality,audit seller operations
S00214,2026-02,41.17938934579621,Moderate,seller_quality,seller coaching required
S00215,2026-02,58.39985535625292,High,seller_quality,audit seller operations
S00216,2026-02,57.93012947887429,High,seller_quality,audit seller operations
S00217,2026-02,42.436093858099305,Moderate,seller_quality,seller coaching required
S00218,2026-02,34.88250554780926,Moderate,seller_quality,seller coaching required
S00219,2026-02,59.37565320044889,High,seller_quality,audit seller operations
S00220,2026-02,49.86658449858034,Moderate,seller_quality,seller coaching required
S00221,2026-02,42.27910709314199,Moderate,seller_quality,seller coaching required
S00222,2026-02,30.68907771184423,Moderate,concentration_risk,seller coaching required
S00223,2026-02,36.09788818423657,Moderate,seller_quality,seller coaching required
S00224,2026-02,53.91582087875789,Moderate,seller_quality,seller coaching required
S00225,2026-02,27.25779644197118,Low,seller_quality,monitor only
S00226,2026-02,55.459670385920475,High,seller_quality,audit seller operations
S00227,2026-02,47.87369616904761,Moderate,seller_quality,seller coaching required
S00228,2026-02,42.83992604605214,Moderate,seller_quality,seller coaching required
S00229,2026-02,43.561088073493245,Moderate,seller_quality,seller coaching required
S00230,2026-02,44.77172066389096,Moderate,concentration_risk,seller coaching required
S00231,2026-02,54.66713031482974,Moderate,seller_quality,seller coaching required
S00232,2026-02,49.05080746727629,Moderate,seller_quality,seller coaching required
S00233,2026-02,40.33203588607469,Moderate,seller_quality,seller coaching required
S00234,2026-02,52.71693737661519,Moderate,seller_quality,seller coaching required
S00235,2026-02,35.09672357270065,Moderate,seller_quality,seller coaching required
S00236,2026-02,33.19207889827119,Moderate,seller_quality,seller coaching required
S00237,2026-02,52.046114810868986,Moderate,seller_quality,seller coaching required
S00238,2026-02,52.844451561755456,Moderate,seller_quality,seller coaching required
S00239,2026-02,33.65122639937492,Moderate,concentration_risk,seller coaching required
S00240,2026-02,51.75512285761253,Moderate,seller_quality,seller coaching required
S00241,2026-02,42.989700483307814,Moderate,seller_quality,seller coaching required
S00242,2026-02,51.44330192572729,Moderate,seller_quality,seller coaching required
S00243,2026-02,51.72858859594809,Moderate,concentration_risk,seller coaching required
S00244,2026-02,34.55143596111647,Moderate,seller_quality,seller coaching required
S00245,2026-02,16.92449573176501,Low,seller_quality,monitor only
S00246,2026-02,29.68821178543941,Low,seller_quality,monitor only
S00247,2026-02,30.099268020058467,Moderate,seller_quality,seller coaching required
S00248,2026-02,29.52168995738892,Low,concentration_risk,monitor only
S00249,2026-02,48.79000927310362,Moderate,seller_quality,seller coaching required
S00250,2026-02,29.032646713653232,Low,seller_quality,monitor only
S00251,2026-02,64.182264141865,High,seller_quality,audit seller operations
S00252,2026-02,43.5617322043652,Moderate,seller_quality,seller coaching required
S00253,2026-02,57.73188087698814,High,seller_quality,audit seller operations
S00254,2026-02,50.99376951392642,Moderate,seller_quality,seller coaching required
S00255,2026-02,50.3788168731328,Moderate,seller_quality,seller coaching required
S00256,2026-02,36.83232669909495,Moderate,seller_quality,seller coaching required
S00257,2026-02,34.135583791011385,Moderate,seller_quality,seller coaching required
S00258,2026-02,37.3466111231336,Moderate,seller_quality,seller coaching required
S00259,2026-02,35.46708467157417,Moderate,seller_quality,seller coaching required
S00260,2026-02,33.53411883261009,Moderate,seller_quality,seller coaching required
S00261,2026-02,54.35659723458195,Moderate,seller_quality,seller coaching required
S00262,2026-02,45.581654261791286,Moderate,concentration_risk,seller coaching required
S00263,2026-02,41.194004159550495,Moderate,seller_quality,seller coaching required
S00264,2026-02,47.53639815946935,Moderate,seller_quality,seller coaching required
S00265,2026-02,35.60874921171796,Moderate,seller_quality,seller coaching required
S00266,2026-02,27.780984836341986,Low,seller_quality,monitor only
S00267,2026-02,45.475349263790434,Moderate,concentration_risk,seller coaching required
S00268,2026-02,37.65294961664898,Moderate,seller_quality,seller coaching required
S00269,2026-02,47.889978495613995,Moderate,seller_quality,seller coaching required
S00270,2026-02,53.17259964847861,Moderate,seller_quality,seller coaching required
S00271,2026-02,57.21098393369264,High,seller_quality,audit seller operations
S00272,2026-02,54.015028409702964,Moderate,seller_quality,seller coaching required
S00273,2026-02,35.81498125159665,Moderate,seller_quality,seller coaching required
S00274,2026-02,53.700647671538164,Moderate,seller_quality,seller coaching required
S00275,2026-02,45.09196011283869,Moderate,seller_quality,seller coaching required
S00276,2026-02,41.494904210086915,Moderate,concentration_risk,seller coaching required
S00277,2026-02,39.14356389929259,Moderate,seller_quality,seller coaching required
S00278,2026-02,34.33416574811484,Moderate,seller_quality,seller coaching required
S00279,2026-02,51.25048434942974,Moderate,seller_quality,seller coaching required
S00280,2026-02,41.51079572397604,Moderate,concentration_risk,seller coaching required
S00281,2026-02,24.519723760200264,Low,margin_fragility,monitor only
S00282,2026-02,47.408045541343625,Moderate,seller_quality,seller coaching required
S00283,2026-02,43.914445537891204,Moderate,seller_quality,seller coaching required
S00284,2026-02,44.837686438440016,Moderate,concentration_risk,seller coaching required
S00285,2026-02,38.695839808667735,Moderate,seller_quality,seller coaching required
S00286,2026-02,48.84991902768781,Moderate,concentration_risk,seller coaching required
S00287,2026-02,60.84938437572815,High,seller_quality,audit seller operations
S00288,2026-02,43.08311495427388,Moderate,seller_quality,seller coaching required
S00289,2026-02,24.030304469712483,Low,seller_quality,monitor only
S00290,2026-02,40.878429876290895,Moderate,seller_quality,seller coaching required
S00291,2026-02,49.154056196758546,Moderate,seller_quality,seller coaching required
S00292,2026-02,38.58464303285025,Moderate,seller_quality,seller coaching required
S00293,2026-02,45.34355078825705,Moderate,concentration_risk,seller coaching required
S00294,2026-02,43.40447398637893,Moderate,seller_quality,seller coaching required
S00295,2026-02,57.864312074824774,High,seller_quality,audit seller operations
S00296,2026-02,33.19789607544824,Moderate,seller_quality,seller coaching required
S00297,2026-02,41.627268985201994,Moderate,concentration_risk,seller coaching required
S00298,2026-02,48.211235305253,Moderate,seller_quality,seller coaching required
S00299,2026-02,52.22374395824205,Moderate,seller_quality,seller coaching required
S00300,2026-02,39.29517522299217,Moderate,seller_quality,seller coaching required
S00301,2026-02,41.47111100569064,Moderate,seller_quality,seller coaching required
S00302,2026-02,22.40304896854011,Low,seller_quality,monitor only
S00303,2026-02,37.50554282585548,Moderate,seller_quality,seller coaching required
S00304,2026-02,56.5974599634479,High,seller_quality,audit seller operations
S00305,2026-02,46.42692644798667,Moderate,seller_quality,seller coaching required
S00306,2026-02,35.89800866550218,Moderate,seller_quality,seller coaching required
S00307,2026-02,45.29331276685642,Moderate,fraud_exposure,seller coaching required
S00308,2026-02,36.953885231210826,Moderate,seller_quality,seller coaching required
S00309,2026-02,39.572095983091714,Moderate,margin_fragility,seller coaching required
S00310,2026-02,45.68314622928071,Moderate,seller_quality,seller coaching required
S00311,2026-02,51.72475540074517,Moderate,concentration_risk,seller coaching required
S00312,2026-02,53.48743364219242,Moderate,seller_quality,seller coaching required
S00313,2026-02,47.718883835846526,Moderate,seller_quality,seller coaching required
S00314,2026-02,48.83873442830735,Moderate,seller_quality,seller coaching required
S00315,2026-02,40.11577208632012,Moderate,seller_quality,seller coaching required
S00316,2026-02,51.03976826525135,Moderate,seller_quality,seller coaching required
S00317,2026-02,47.7992880012259,Moderate,seller_quality,seller coaching required
S00318,2026-02,40.99972139710685,Moderate,seller_quality,seller coaching required
S00319,2026-02,32.3580141657778,Moderate,seller_quality,seller coaching required
S00320,2026-02,58.57503907036795,High,seller_quality,audit seller operations
S00321,2026-02,42.93422173457488,Moderate,concentration_risk,seller coaching required
S00322,2026-02,58.84784023756269,High,concentration_risk,investigate dispute cluster
S00323,2026-02,33.194908501380624,Moderate,seller_quality,seller coaching required
S00324,2026-02,41.32861208618125,Moderate,concentration_risk,seller coaching required
S00325,2026-02,44.851523575682485,Moderate,concentration_risk,seller coaching required
S00326,2026-02,34.88313566176727,Moderate,seller_quality,seller coaching required
S00327,2026-02,32.478475945246316,Moderate,seller_quality,seller coaching required
S00328,2026-02,36.57237762860476,Moderate,seller_quality,seller coaching required
S00329,2026-02,36.726736496090716,Moderate,seller_quality,seller coaching required
S00330,2026-02,54.126712180977464,Moderate,seller_quality,seller coaching required
S00331,2026-02,42.42910568506568,Moderate,seller_quality,seller coaching required
S00332,2026-02,32.496342868316304,Moderate,seller_quality,seller coaching required
S00333,2026-02,37.86602650423088,Moderate,seller_quality,seller coaching required
S00334,2026-02,43.35956919953151,Moderate,concentration_risk,seller coaching required
S00335,2026-02,43.97044121815362,Moderate,seller_quality,seller coaching required
S00336,2026-02,52.503818279752714,Moderate,seller_quality,seller coaching required
S00337,2026-02,42.237235244022955,Moderate,seller_quality,seller coaching required
S00338,2026-02,36.5825815448229,Moderate,seller_quality,seller coaching required
S00339,2026-02,37.471653170943824,Moderate,concentration_risk,seller coaching required
S00340,2026-02,43.8036251765515,Moderate,seller_quality,seller coaching required
S00341,2026-02,41.879547477648906,Moderate,concentration_risk,seller coaching required
S00342,2026-02,50.496054162530754,Moderate,seller_quality,seller coaching required
S00343,2026-02,37.63687413870035,Moderate,seller_quality,seller coaching required
S00344,2026-02,44.292314910961835,Moderate,seller_quality,seller coaching required
S00345,2026-02,55.2664200553522,High,seller_quality,audit seller operations
S00346,2026-02,63.31222289927264,High,seller_quality,audit seller operations
S00347,2026-02,66.30253613822666,High,seller_quality,audit seller operations
S00348,2026-02,36.00377628510755,Moderate,seller_quality,seller coaching required
S00349,2026-02,39.43774018245526,Moderate,seller_quality,seller coaching required
S00350,2026-02,43.60233251837981,Moderate,seller_quality,seller coaching required
S00351,2026-02,45.06995007259988,Moderate,seller_quality,seller coaching required
S00352,2026-02,47.94889661984489,Moderate,concentration_risk,seller coaching required
S00353,2026-02,30.59092983912081,Moderate,seller_quality,seller coaching required
S00354,2026-02,34.313043690432075,Moderate,seller_quality,seller coaching required
S00355,2026-02,39.890130692242565,Moderate,seller_quality,seller coaching required
S00356,2026-02,37.33224883404072,Moderate,seller_quality,seller coaching required
S00357,2026-02,39.02062728373815,Moderate,seller_quality,seller coaching required
S00358,2026-02,40.992537229624226,Moderate,seller_quality,seller coaching required
S00359,2026-02,49.67491351224618,Moderate,seller_quality,seller coaching required
S00360,2026-02,35.972821810532935,Moderate,seller_quality,seller coaching required
S00361,2026-02,34.7420321734947,Moderate,seller_quality,seller coaching required
S00362,2026-02,53.9009403711592,Moderate,seller_quality,seller coaching required
S00363,2026-02,32.78010196843202,Moderate,seller_quality,seller coaching required
S00364,2026-02,58.45468910894611,High,concentration_risk,investigate dispute cluster
S00365,2026-02,55.128330332894926,High,concentration_risk,investigate dispute cluster
S00366,2026-02,33.52979241339169,Moderate,seller_quality,seller coaching required
S00367,2026-02,47.21749931287153,Moderate,seller_quality,seller coaching required
S00368,2026-02,42.64205516355703,Moderate,seller_quality,seller coaching required
S00369,2026-02,60.556290981726704,High,seller_quality,audit seller operations
S00370,2026-02,48.28415098919589,Moderate,seller_quality,seller coaching required
S00371,2026-02,27.4149842044489,Low,seller_quality,monitor only
S00372,2026-02,28.064002323527017,Low,seller_quality,monitor only
S00373,2026-02,35.872744222355706,Moderate,seller_quality,seller coaching required
S00374,2026-02,53.850824667922225,Moderate,seller_quality,seller coaching required
S00375,2026-02,38.85364630035561,Moderate,seller_quality,seller coaching required
S00376,2026-02,49.092383582368086,Moderate,seller_quality,seller coaching required
S00377,2026-02,52.26461346696412,Moderate,seller_quality,seller coaching required
S00378,2026-02,54.18565265958857,Moderate,seller_quality,seller coaching required
S00379,2026-02,56.24826541336069,High,concentration_risk,investigate dispute cluster
S00380,2026-02,49.54857852508212,Moderate,concentration_risk,seller coaching required
S00381,2026-02,37.8428276847482,Moderate,concentration_risk,seller coaching required
S00382,2026-02,36.94356012150189,Moderate,seller_quality,seller coaching required
S00383,2026-02,34.39907677181916,Moderate,seller_quality,seller coaching required
S00384,2026-02,39.60334440836263,Moderate,seller_quality,seller coaching required
S00385,2026-02,41.12893646513911,Moderate,seller_quality,seller coaching required
S00386,2026-02,61.93279510729502,High,seller_quality,audit seller operations
S00387,2026-02,52.092108888381475,Moderate,concentration_risk,seller coaching required
S00388,2026-02,45.21775522637803,Moderate,seller_quality,seller coaching required
S00389,2026-02,37.5810021857927,Moderate,seller_quality,seller coaching required
S00390,2026-02,39.474398444662,Moderate,concentration_risk,seller coaching required
S00391,2026-02,51.638329305104946,Moderate,seller_quality,seller coaching required
S00392,2026-02,47.500857990089614,Moderate,concentration_risk,seller coaching required
S00393,2026-02,45.769907881575534,Moderate,seller_quality,seller coaching required
S00394,2026-02,38.29976866995503,Moderate,concentration_risk,seller coaching required
S00395,2026-02,59.80383879114608,High,seller_quality,audit seller operations
S00396,2026-02,50.91502620040532,Moderate,concentration_risk,seller coaching required
S00397,2026-02,52.20493104637693,Moderate,concentration_risk,seller coaching required
S00398,2026-02,21.744763405034085,Low,seller_quality,monitor only
S00399,2026-02,40.86421702387571,Moderate,concentration_risk,seller coaching required
S00400,2026-02,33.68956951633618,Moderate,seller_quality,seller coaching required
S00401,2026-02,36.896591509071214,Moderate,seller_quality,seller coaching required
S00402,2026-02,42.30704177254426,Moderate,concentration_risk,seller coaching required
S00403,2026-02,48.509032316716066,Moderate,seller_quality,seller coaching required
S00404,2026-02,48.87416701133818,Moderate,seller_quality,seller coaching required
S00405,2026-02,46.84032702381885,Moderate,seller_quality,seller coaching required
S00406,2026-02,49.63417353097255,Moderate,seller_quality,seller coaching required
S00407,2026-02,29.706607214126095,Low,margin_fragility,monitor only
S00408,2026-02,30.8114044364013,Moderate,seller_quality,seller coaching required
S00409,2026-02,28.468892046948508,Low,seller_quality,monitor only
S00410,2026-02,48.87576819140888,Moderate,seller_quality,seller coaching required
S00411,2026-02,48.81160073675558,Moderate,concentration_risk,seller coaching required
S00412,2026-02,38.54497656876676,Moderate,seller_quality,seller coaching required
S00413,2026-02,50.33775908535514,Moderate,seller_quality,seller coaching required
S00414,2026-02,41.70065970502418,Moderate,seller_quality,seller coaching required
S00415,2026-02,58.53399705693074,High,seller_quality,audit seller operations
S00416,2026-02,47.252641911330244,Moderate,concentration_risk,seller coaching required
S00417,2026-02,52.92955614686645,Moderate,concentration_risk,seller coaching required
S00418,2026-02,43.903992544617424,Moderate,seller_quality,seller coaching required
S00419,2026-02,51.91433012112506,Moderate,seller_quality,seller coaching required
S00420,2026-02,54.12786196716172,Moderate,seller_quality,seller coaching required
S00421,2026-02,36.730691549751946,Moderate,seller_quality,seller coaching required
S00422,2026-02,30.81996458051621,Moderate,seller_quality,seller coaching required
S00423,2026-02,49.09378633841276,Moderate,seller_quality,seller coaching required
S00424,2026-02,39.095921413947785,Moderate,seller_quality,seller coaching required
S00425,2026-02,45.545924916019516,Moderate,seller_quality,seller coaching required
S00426,2026-02,48.02499792117491,Moderate,seller_quality,seller coaching required
S00427,2026-02,37.38349564397046,Moderate,concentration_risk,seller coaching required
S00428,2026-02,35.35859593423458,Moderate,seller_quality,seller coaching required
S00429,2026-02,49.35287270351711,Moderate,seller_quality,seller coaching required
S00430,2026-02,37.815834962694424,Moderate,seller_quality,seller coaching required
S00431,2026-02,50.996536834532925,Moderate,seller_quality,seller coaching required
S00432,2026-02,47.349563991748134,Moderate,seller_quality,seller coaching required
S00433,2026-02,35.75827336296597,Moderate,seller_quality,seller coaching required
S00434,2026-02,30.60095716790626,Moderate,seller_quality,seller coaching required
S00435,2026-02,50.982315302880735,Moderate,concentration_risk,seller coaching required
S00436,2026-02,53.392133931319606,Moderate,concentration_risk,seller coaching required
S00437,2026-02,34.25363615346396,Moderate,seller_quality,seller coaching required
S00438,2026-02,21.973093684319288,Low,seller_quality,monitor only
S00439,2026-02,46.73034537242467,Moderate,concentration_risk,seller coaching required
S00440,2026-02,31.09909573855723,Moderate,seller_quality,seller coaching required
S00441,2026-02,43.13489649250528,Moderate,seller_quality,seller coaching required
S00442,2026-02,52.82108978598818,Moderate,seller_quality,seller coaching required
S00443,2026-02,36.37605209979134,Moderate,seller_quality,seller coaching required
S00444,2026-02,61.11195157001638,High,seller_quality,audit seller operations
S00445,2026-02,44.33747202238044,Moderate,seller_quality,seller coaching required
S00446,2026-02,56.20588043327168,High,seller_quality,audit seller operations
S00447,2026-02,41.18197763141486,Moderate,seller_quality,seller coaching required
S00448,2026-02,47.21896351367064,Moderate,seller_quality,seller coaching required
S00449,2026-02,26.011066360080047,Low,seller_quality,monitor only
S00450,2026-02,61.10644885927745,High,seller_quality,audit seller operations
S00451,2026-02,48.56767698685456,Moderate,seller_quality,seller coaching required
S00452,2026-02,41.66034278030418,Moderate,seller_quality,seller coaching required
S00453,2026-02,43.54163478444537,Moderate,seller_quality,seller coaching required
S00454,2026-02,45.58503146163463,Moderate,seller_quality,seller coaching required
S00455,2026-02,37.00592065267806,Moderate,concentration_risk,seller coaching required
S00456,2026-02,50.78971458199199,Moderate,seller_quality,seller coaching required
S00457,2026-02,46.97197363776328,Moderate,seller_quality,seller coaching required
S00458,2026-02,33.762894946979344,Moderate,seller_quality,seller coaching required
S00459,2026-02,41.36537002073889,Moderate,seller_quality,seller coaching required
S00460,2026-02,44.81746330089839,Moderate,seller_quality,seller coaching required
S00461,2026-02,61.80313617085787,High,seller_quality,audit seller operations
S00462,2026-02,55.560647103023626,High,seller_quality,audit seller operations
S00463,2026-02,35.591848553557256,Moderate,concentration_risk,seller coaching required
S00464,2026-02,32.430709617972354,Moderate,seller_quality,seller coaching required
S00465,2026-02,49.241941856929486,Moderate,seller_quality,seller coaching required
S00466,2026-02,30.63062812624101,Moderate,concentration_risk,seller coaching required
S00467,2026-02,50.593419407345436,Moderate,concentration_risk,seller coaching required
S00468,2026-02,45.991636214324785,Moderate,seller_quality,seller coaching required
S00469,2026-02,28.221763009915012,Low,seller_quality,monitor only
S00470,2026-02,62.45466339185046,High,concentration_risk,investigate dispute cluster
S00471,2026-02,40.96713221449892,Moderate,seller_quality,seller coaching required
S00472,2026-02,46.11933495346331,Moderate,seller_quality,seller coaching required
S00473,2026-02,38.54228437557997,Moderate,concentration_risk,seller coaching required
S00474,2026-02,40.27429191682303,Moderate,seller_quality,seller coaching required
S00475,2026-02,41.69389177326589,Moderate,concentration_risk,seller coaching required
S00476,2026-02,43.12646385763728,Moderate,concentration_risk,seller coaching required
S00477,2026-02,22.414137497323914,Low,margin_fragility,monitor only
S00478,2026-02,37.25109531387122,Moderate,seller_quality,seller coaching required
S00479,2026-02,52.383667984503354,Moderate,seller_quality,seller coaching required
S00480,2026-02,48.21085239803699,Moderate,seller_quality,seller coaching required
S00481,2026-02,50.482698192992196,Moderate,seller_quality,seller coaching required
S00482,2026-02,34.07472450246397,Moderate,seller_quality,seller coaching required
S00483,2026-02,37.40347408290492,Moderate,concentration_risk,seller coaching required
S00484,2026-02,56.34783875802605,High,seller_quality,audit seller operations
S00485,2026-02,45.30486192570463,Moderate,concentration_risk,seller coaching required
S00486,2026-02,20.649267657476216,Low,seller_quality,monitor only
S00487,2026-02,35.340788928447395,Moderate,seller_quality,seller coaching required
S00488,2026-02,44.09022820920179,Moderate,seller_quality,seller coaching required
S00489,2026-02,47.60245404123525,Moderate,concentration_risk,seller coaching required
S00490,2026-02,53.204211512964335,Moderate,seller_quality,seller coaching required
S00491,2026-02,37.6386738055573,Moderate,seller_quality,seller coaching required
S00492,2026-02,44.37756709220811,Moderate,seller_quality,seller coaching required
S00493,2026-02,54.42034246747646,Moderate,seller_quality,seller coaching required
S00494,2026-02,42.32474557130686,Moderate,seller_quality,seller coaching required
S00495,2026-02,46.84433244032478,Moderate,seller_quality,seller coaching required
S00496,2026-02,59.32828993290471,High,seller_quality,audit seller operations
S00497,2026-02,46.45186738878277,Moderate,seller_quality,seller coaching required
S00498,2026-02,27.708321531033175,Low,seller_quality,monitor only
S00499,2026-02,48.427220007860384,Moderate,seller_quality,seller coaching required
S00500,2026-02,35.15352917091957,Moderate,seller_quality,seller coaching required
S00501,2026-02,25.532096460801945,Low,seller_quality,monitor only
S00502,2026-02,40.90029263808756,Moderate,concentration_risk,seller coaching required
S00503,2026-02,44.31609010972259,Moderate,concentration_risk,seller coaching required
S00504,2026-02,30.33055835824387,Moderate,seller_quality,seller coaching required
S00505,2026-02,34.621288840513486,Moderate,seller_quality,seller coaching required
S00506,2026-02,23.759574016222384,Low,seller_quality,monitor only
S00507,2026-02,28.406397452484903,Low,seller_quality,monitor only
S00508,2026-02,28.90884825018539,Low,seller_quality,monitor only
S00509,2026-02,38.502787752897994,Moderate,seller_quality,seller coaching required
S00510,2026-02,55.965078988959895,High,seller_quality,audit seller operations
S00511,2026-02,49.1568987794787,Moderate,seller_quality,seller coaching required
S00512,2026-02,46.67511806106013,Moderate,concentration_risk,seller coaching required
S00513,2026-02,29.5862330244142,Low,seller_quality,monitor only
S00514,2026-02,45.91200921263754,Moderate,seller_quality,seller coaching required
S00515,2026-02,54.948612537215126,Moderate,seller_quality,seller coaching required
S00516,2026-02,49.82314108572578,Moderate,seller_quality,seller coaching required
S00517,2026-02,37.83029945309051,Moderate,seller_quality,seller coaching required
S00518,2026-02,32.68996505509121,Moderate,seller_quality,seller coaching required
S00519,2026-02,31.627299257452442,Moderate,seller_quality,seller coaching required
S00520,2026-02,38.06105934630906,Moderate,seller_quality,seller coaching required
S00521,2026-02,50.429430410697435,Moderate,seller_quality,seller coaching required
S00522,2026-02,36.26660158773505,Moderate,seller_quality,seller coaching required
S00523,2026-02,33.09575576079954,Moderate,seller_quality,seller coaching required
S00524,2026-02,56.385486808669015,High,seller_quality,audit seller operations
S00525,2026-02,39.25502994990463,Moderate,concentration_risk,seller coaching required
S00526,2026-02,39.71228280497547,Moderate,seller_quality,seller coaching required
S00527,2026-02,32.194265780433724,Moderate,seller_quality,seller coaching required
S00528,2026-02,39.362088915998,Moderate,seller_quality,seller coaching required
S00529,2026-02,44.55316996680625,Moderate,seller_quality,seller coaching required
S00530,2026-02,33.989473374966195,Moderate,seller_quality,seller coaching required
S00531,2026-02,53.26057365371028,Moderate,seller_quality,seller coaching required
S00532,2026-02,47.26085335231147,Moderate,seller_quality,seller coaching required
S00533,2026-02,44.41302145487987,Moderate,seller_quality,seller coaching required
S00534,2026-02,45.904891989468666,Moderate,seller_quality,seller coaching required
S00535,2026-02,34.624382318394645,Moderate,seller_quality,seller coaching required
S00536,2026-02,44.477791298242,Moderate,seller_quality,seller coaching required
S00537,2026-02,49.12077695733895,Moderate,seller_quality,seller coaching required
S00538,2026-02,48.41724074990055,Moderate,seller_quality,seller coaching required
S00539,2026-02,24.93480282430231,Low,seller_quality,monitor only
S00540,2026-02,30.65278832143254,Moderate,concentration_risk,seller coaching required
S00541,2026-02,38.89510479783819,Moderate,seller_quality,seller coaching required
S00542,2026-02,33.658650536170676,Moderate,seller_quality,seller coaching required
S00543,2026-02,46.60613266856984,Moderate,seller_quality,seller coaching required
S00544,2026-02,57.89781634279403,High,seller_quality,audit seller operations
S00545,2026-02,46.47165725022934,Moderate,seller_quality,seller coaching required
S00546,2026-02,22.302277872720477,Low,seller_quality,monitor only
S00547,2026-02,39.28512691532133,Moderate,seller_quality,seller coaching required
S00548,2026-02,41.639048114978664,Moderate,concentration_risk,seller coaching required
S00549,2026-02,35.489531296368455,Moderate,seller_quality,seller coaching required
S00550,2026-02,43.642172262915764,Moderate,seller_quality,seller coaching required
S00551,2026-02,46.47792148773172,Moderate,concentration_risk,seller coaching required
S00552,2026-02,51.345540806338335,Moderate,concentration_risk,seller coaching required
S00553,2026-02,45.01544534013525,Moderate,seller_quality,seller coaching required
S00554,2026-02,33.30816107278183,Moderate,seller_quality,seller coaching required
S00555,2026-02,40.340139681177284,Moderate,seller_quality,seller coaching required
S00556,2026-02,59.82392257635725,High,seller_quality,audit seller operations
S00557,2026-02,37.54699231960445,Moderate,seller_quality,seller coaching required
S00558,2026-02,47.74481502168434,Moderate,seller_quality,seller coaching required
S00559,2026-02,39.37476193659449,Moderate,seller_quality,seller coaching required
S00560,2026-02,26.618154050374258,Low,seller_quality,monitor only
S00561,2026-02,22.309372972055783,Low,seller_quality,monitor only
S00562,2026-02,53.07424346489793,Moderate,seller_quality,seller coaching required
S00563,2026-02,45.20286566815393,Moderate,seller_quality,seller coaching required
S00564,2026-02,45.82165948981336,Moderate,seller_quality,seller coaching required
S00565,2026-02,39.64807515305634,Moderate,concentration_risk,seller coaching required
S00566,2026-02,54.30654789844996,Moderate,seller_quality,seller coaching required
S00567,2026-02,49.76089430993764,Moderate,seller_quality,seller coaching required
S00568,2026-02,40.98671743491385,Moderate,seller_quality,seller coaching required
S00569,2026-02,33.438590015803996,Moderate,seller_quality,seller coaching required
S00570,2026-02,47.625008565020494,Moderate,seller_quality,seller coaching required
S00571,2026-02,38.82344860076687,Moderate,seller_quality,seller coaching required
S00572,2026-02,41.19445922945569,Moderate,concentration_risk,seller coaching required
S00573,2026-02,42.1998187672187,Moderate,seller_quality,seller coaching required
S00574,2026-02,49.288707640481356,Moderate,concentration_risk,seller coaching required
S00575,2026-02,64.57108965668932,High,seller_quality,audit seller operations
S00576,2026-02,54.56052209195295,Moderate,seller_quality,seller coaching required
S00577,2026-02,34.54113806633903,Moderate,seller_quality,seller coaching required
S00578,2026-02,52.65699636209051,Moderate,seller_quality,seller coaching required
S00579,2026-02,49.1261370648577,Moderate,seller_quality,seller coaching required
S00580,2026-02,41.597057344702776,Moderate,seller_quality,seller coaching required
S00581,2026-02,39.848581752037354,Moderate,concentration_risk,seller coaching required
S00582,2026-02,41.96961021485323,Moderate,concentration_risk,seller coaching required
S00583,2026-02,42.7493355369017,Moderate,concentration_risk,seller coaching required
S00584,2026-02,46.006060242162306,Moderate,concentration_risk,seller coaching required
S00585,2026-02,18.197374062220945,Low,seller_quality,monitor only
S00586,2026-02,39.29349819748115,Moderate,seller_quality,seller coaching required
S00587,2026-02,42.33933330315025,Moderate,seller_quality,seller coaching required
S00588,2026-02,50.740252693249275,Moderate,seller_quality,seller coaching required
S00589,2026-02,39.23302628658849,Moderate,seller_quality,seller coaching required
S00590,2026-02,32.7020071408315,Moderate,seller_quality,seller coaching required
S00591,2026-02,24.290695584346206,Low,seller_quality,monitor only
S00592,2026-02,26.425021505857213,Low,seller_quality,monitor only
S00593,2026-02,65.45727374945594,High,seller_quality,audit seller operations
S00594,2026-02,37.58597607256731,Moderate,seller_quality,seller coaching required
S00595,2026-02,45.99697169240889,Moderate,seller_quality,seller coaching required
S00596,2026-02,37.75588725258893,Moderate,seller_quality,seller coaching required
S00597,2026-02,21.015186617610812,Low,seller_quality,monitor only
S00598,2026-02,31.748865681289914,Moderate,seller_quality,seller coaching required
S00599,2026-02,46.72106847589249,Moderate,seller_quality,seller coaching required
S00600,2026-02,24.677048421125654,Low,seller_quality,monitor only
S00601,2026-02,36.81044203398652,Moderate,concentration_risk,seller coaching required
S00602,2026-02,61.930725360413845,High,seller_quality,audit seller operations
S00603,2026-02,43.36394405904051,Moderate,concentration_risk,seller coaching required
S00604,2026-02,36.283294992068534,Moderate,seller_quality,seller coaching required
S00605,2026-02,50.152573703904125,Moderate,seller_quality,seller coaching required
S00606,2026-02,37.38836941368423,Moderate,seller_quality,seller coaching required
S00607,2026-02,65.48038877167538,High,seller_quality,audit seller operations
S00608,2026-02,45.06677477350122,Moderate,concentration_risk,seller coaching required
S00609,2026-02,46.52098088289479,Moderate,seller_quality,seller coaching required
S00610,2026-02,36.949994129307804,Moderate,seller_quality,seller coaching required
S00611,2026-02,52.878455858727584,Moderate,seller_quality,seller coaching required
S00612,2026-02,32.71980628693559,Moderate,seller_quality,seller coaching required
S00613,2026-02,49.73706588494442,Moderate,seller_quality,seller coaching required
S00614,2026-02,21.179213842351864,Low,seller_quality,monitor only
S00615,2026-02,36.49385812418407,Moderate,seller_quality,seller coaching required
S00616,2026-02,42.20751895219216,Moderate,seller_quality,seller coaching required
S00617,2026-02,26.233066535761623,Low,seller_quality,monitor only
S00618,2026-02,47.058744449883235,Moderate,seller_quality,seller coaching required
S00619,2026-02,35.644663656158784,Moderate,seller_quality,seller coaching required
S00620,2026-02,42.088405614706346,Moderate,seller_quality,seller coaching required
S00621,2026-02,36.12655849619422,Moderate,seller_quality,seller coaching required
S00622,2026-02,35.799239523877006,Moderate,seller_quality,seller coaching required
S00623,2026-02,28.703902457329164,Low,seller_quality,monitor only
S00624,2026-02,43.09566615583256,Moderate,concentration_risk,seller coaching required
S00625,2026-02,46.72681522371677,Moderate,seller_quality,seller coaching required
S00626,2026-02,43.20124075927685,Moderate,concentration_risk,seller coaching required
S00627,2026-02,38.25820305807355,Moderate,seller_quality,seller coaching required
S00628,2026-02,38.255997770105886,Moderate,concentration_risk,seller coaching required
S00629,2026-02,47.48304845630216,Moderate,seller_quality,seller coaching required
S00630,2026-02,48.502381412661975,Moderate,concentration_risk,seller coaching required
S00631,2026-02,34.48071560070021,Moderate,concentration_risk,seller coaching required
S00632,2026-02,30.145233537129265,Moderate,seller_quality,seller coaching required
S00633,2026-02,36.002818169199095,Moderate,seller_quality,seller coaching required
S00634,2026-02,46.325311917283415,Moderate,concentration_risk,seller coaching required
S00635,2026-02,34.713497141392644,Moderate,seller_quality,seller coaching required
S00636,2026-02,37.3353896438784,Moderate,seller_quality,seller coaching required
S00637,2026-02,45.6208989868387,Moderate,seller_quality,seller coaching required
S00638,2026-02,50.165101768753125,Moderate,seller_quality,seller coaching required
S00639,2026-02,56.83923766927971,High,seller_quality,audit seller operations
S00640,2026-02,46.21464576918562,Moderate,concentration_risk,seller coaching required
S00641,2026-02,31.60463740908217,Moderate,seller_quality,seller coaching required
S00642,2026-02,52.481934392908414,Moderate,seller_quality,seller coaching required
S00643,2026-02,42.530499464191784,Moderate,seller_quality,seller coaching required
S00644,2026-02,47.62893057039038,Moderate,seller_quality,seller coaching required
S00645,2026-02,36.64534458388029,Moderate,seller_quality,seller coaching required
S00646,2026-02,48.19065918612084,Moderate,seller_quality,seller coaching required
S00647,2026-02,41.71172377996127,Moderate,seller_quality,seller coaching required
S00648,2026-02,51.054980977986766,Moderate,seller_quality,seller coaching required
S00649,2026-02,33.41584256254738,Moderate,seller_quality,seller coaching required
S00650,2026-02,32.22553040310568,Moderate,seller_quality,seller coaching required
S00651,2026-02,41.97432799585921,Moderate,seller_quality,seller coaching required
S00652,2026-02,36.475535138164844,Moderate,seller_quality,seller coaching required
S00653,2026-02,42.8559042792552,Moderate,seller_quality,seller coaching required
S00654,2026-02,50.65322734374614,Moderate,concentration_risk,seller coaching required
S00655,2026-02,52.528837420712186,Moderate,seller_quality,seller coaching required
S00656,2026-02,27.305806623457617,Low,seller_quality,monitor only
S00657,2026-02,46.44740394526799,Moderate,seller_quality,seller coaching required
S00658,2026-02,36.68931493351642,Moderate,seller_quality,seller coaching required
S00659,2026-02,46.08029529240203,Moderate,seller_quality,seller coaching required
S00660,2026-02,25.90356916919563,Low,seller_quality,monitor only
S00661,2026-02,45.231277295821144,Moderate,seller_quality,seller coaching required
S00662,2026-02,28.857824285587903,Low,seller_quality,monitor only
S00663,2026-02,50.35104433872307,Moderate,concentration_risk,seller coaching required
S00664,2026-02,54.711499167703295,Moderate,seller_quality,seller coaching required
S00665,2026-02,44.78697259749153,Moderate,concentration_risk,seller coaching required
S00666,2026-02,47.29606622943555,Moderate,seller_quality,seller coaching required
S00667,2026-02,43.89669922110804,Moderate,concentration_risk,seller coaching required
S00668,2026-02,40.11706226425268,Moderate,seller_quality,seller coaching required
S00669,2026-02,39.19891543047341,Moderate,seller_quality,seller coaching required
S00670,2026-02,40.43848387545425,Moderate,seller_quality,seller coaching required
S00671,2026-02,43.06821636350605,Moderate,fraud_exposure,seller coaching required
S00672,2026-02,30.774687821912593,Moderate,seller_quality,seller coaching required
S00673,2026-02,38.89437848737876,Moderate,seller_quality,seller coaching required
S00674,2026-02,18.05564138582823,Low,seller_quality,monitor only
S00675,2026-02,36.59193158685404,Moderate,seller_quality,seller coaching required
S00676,2026-02,39.20872322640851,Moderate,seller_quality,seller coaching required
S00677,2026-02,24.956854907377828,Low,seller_quality,monitor only
S00678,2026-02,37.48376675765684,Moderate,concentration_risk,seller coaching required
S00679,2026-02,46.007344141373,Moderate,seller_quality,seller coaching required
S00680,2026-02,36.631422187817165,Moderate,concentration_risk,seller coaching required
S00681,2026-02,25.677047992959697,Low,seller_quality,monitor only
S00682,2026-02,26.340614209750854,Low,seller_quality,monitor only
S00683,2026-02,42.90807332516093,Moderate,seller_quality,seller coaching required
S00684,2026-02,51.572436294947295,Moderate,seller_quality,seller coaching required
S00685,2026-02,49.116779948567704,Moderate,seller_quality,seller coaching required
S00686,2026-02,37.43360616874111,Moderate,concentration_risk,seller coaching required
S00687,2026-02,34.52241719462277,Moderate,concentration_risk,seller coaching required
S00688,2026-02,27.928018160268543,Low,seller_quality,monitor only
S00689,2026-02,49.04532434421265,Moderate,seller_quality,seller coaching required
S00690,2026-02,54.41956251492078,Moderate,seller_quality,seller coaching required
S00691,2026-02,42.279731238096055,Moderate,fraud_exposure,seller coaching required
S00692,2026-02,26.710070135115263,Low,seller_quality,monitor only
S00693,2026-02,60.12657857055217,High,seller_quality,audit seller operations
S00694,2026-02,47.86717442813848,Moderate,concentration_risk,seller coaching required
S00695,2026-02,48.774914872190124,Moderate,concentration_risk,seller coaching required
S00696,2026-02,52.67406290378799,Moderate,seller_quality,seller coaching required
S00697,2026-02,43.566027390014725,Moderate,concentration_risk,seller coaching required
S00698,2026-02,45.58296538801433,Moderate,seller_quality,seller coaching required
S00699,2026-02,48.166974927316396,Moderate,seller_quality,seller coaching required
S00700,2026-02,40.08425532009372,Moderate,concentration_risk,seller coaching required
S00701,2026-02,20.541347727021662,Low,seller_quality,monitor only
S00702,2026-02,51.33465266824301,Moderate,concentration_risk,seller coaching required
S00703,2026-02,52.75105607829863,Moderate,concentration_risk,seller coaching required
S00704,2026-02,45.98789256171413,Moderate,seller_quality,seller coaching required
S00705,2026-02,30.277491205283596,Moderate,seller_quality,seller coaching required
S00706,2026-02,48.93481689219509,Moderate,seller_quality,seller coaching required
S00707,2026-02,40.58289454234132,Moderate,concentration_risk,seller coaching required
S00708,2026-02,39.6310094768637,Moderate,concentration_risk,seller coaching required
S00709,2026-02,41.22521099257619,Moderate,concentration_risk,seller coaching required
S00710,2026-02,44.014655526998645,Moderate,concentration_risk,seller coaching required
S00711,2026-02,45.08236493426406,Moderate,concentration_risk,seller coaching required
S00712,2026-02,36.42653273512301,Moderate,seller_quality,seller coaching required
S00713,2026-02,54.68199418170972,Moderate,seller_quality,seller coaching required
S00714,2026-02,47.599649535742316,Moderate,concentration_risk,seller coaching required
S00715,2026-02,26.915616495461485,Low,seller_quality,monitor only
S00716,2026-02,49.074948367490705,Moderate,seller_quality,seller coaching required
S00717,2026-02,46.025223531568706,Moderate,seller_quality,seller coaching required
S00718,2026-02,48.44084239381944,Moderate,seller_quality,seller coaching required
S00719,2026-02,29.046151340458174,Low,seller_quality,monitor only
S00720,2026-02,31.268433410880434,Moderate,seller_quality,seller coaching required
S00721,2026-02,31.88373415753639,Moderate,seller_quality,seller coaching required
S00722,2026-02,59.45613243402795,High,concentration_risk,investigate dispute cluster
S00723,2026-02,41.65093844674229,Moderate,seller_quality,seller coaching required
S00724,2026-02,21.315555640711043,Low,seller_quality,monitor only
S00725,2026-02,44.80452311698428,Moderate,seller_quality,seller coaching required
S00726,2026-02,49.317076520453405,Moderate,seller_quality,seller coaching required
S00727,2026-02,41.53448415325332,Moderate,concentration_risk,seller coaching required
S00728,2026-02,38.584952565482844,Moderate,seller_quality,seller coaching required
S00729,2026-02,23.1089805444222,Low,seller_quality,monitor only
S00730,2026-02,41.790715959876245,Moderate,seller_quality,seller coaching required
S00731,2026-02,47.35398150096556,Moderate,seller_quality,seller coaching required
S00732,2026-02,45.7059713471331,Moderate,concentration_risk,seller coaching required
S00733,2026-02,50.819899261991466,Moderate,seller_quality,seller coaching required
S00734,2026-02,31.873131254641144,Moderate,seller_quality,seller coaching required
S00735,2026-02,41.86139632803452,Moderate,seller_quality,seller coaching required
S00736,2026-02,30.68933234190892,Moderate,margin_fragility,seller coaching required
S00737,2026-02,54.62068396476974,Moderate,seller_quality,seller coaching required
S00738,2026-02,43.02627719762263,Moderate,seller_quality,seller coaching required
S00739,2026-02,43.34771388164462,Moderate,seller_quality,seller coaching required
S00740,2026-02,32.25429886037402,Moderate,seller_quality,seller coaching required
S00741,2026-02,46.71292626689198,Moderate,seller_quality,seller coaching required
S00742,2026-02,36.935752567995806,Moderate,seller_quality,seller coaching required
S00743,2026-02,41.07292629360305,Moderate,concentration_risk,seller coaching required
S00744,2026-02,44.508733607179046,Moderate,seller_quality,seller coaching required
S00745,2026-02,40.26186507544062,Moderate,seller_quality,seller coaching required
S00746,2026-02,44.01168161734506,Moderate,seller_quality,seller coaching required
S00747,2026-02,50.771196545073295,Moderate,seller_quality,seller coaching required
S00748,2026-02,27.75547400580497,Low,seller_quality,monitor only
S00749,2026-02,51.09143244760023,Moderate,seller_quality,seller coaching required
S00750,2026-02,32.30164214583819,Moderate,seller_quality,seller coaching required
S00751,2026-02,50.74368670816318,Moderate,seller_quality,seller coaching required
S00752,2026-02,30.77539644750805,Moderate,seller_quality,seller coaching required
S00753,2026-02,42.3531651138083,Moderate,seller_quality,seller coaching required
S00754,2026-02,32.798996307264154,Moderate,seller_quality,seller coaching required
S00755,2026-02,46.84746250432929,Moderate,seller_quality,seller coaching required
S00756,2026-02,47.084758087080075,Moderate,seller_quality,seller coaching required
S00757,2026-02,42.69044311514172,Moderate,seller_quality,seller coaching required
S00758,2026-02,36.9372747943971,Moderate,concentration_risk,seller coaching required
S00759,2026-02,35.52976951502509,Moderate,seller_quality,seller coaching required
S00760,2026-02,66.4324880124338,High,seller_quality,audit seller operations
S00761,2026-02,30.31897590952602,Moderate,seller_quality,seller coaching required
S00762,2026-02,30.432908852763195,Moderate,seller_quality,seller coaching required
S00763,2026-02,38.872989417817394,Moderate,seller_quality,seller coaching required
S00764,2026-02,12.116666666666667,Low,seller_quality,monitor only
S00765,2026-02,51.6850299008982,Moderate,seller_quality,seller coaching required
S00766,2026-02,34.73812112472474,Moderate,concentration_risk,seller coaching required
S00767,2026-02,47.946000451847866,Moderate,seller_quality,seller coaching required
S00768,2026-02,39.696922015182885,Moderate,seller_quality,seller coaching required
S00769,2026-02,54.81140614959285,Moderate,seller_quality,seller coaching required
S00770,2026-02,57.52436444782876,High,seller_quality,audit seller operations
S00771,2026-02,54.89584655116115,Moderate,seller_quality,seller coaching required
S00772,2026-02,48.16686763357666,Moderate,seller_quality,seller coaching required
S00773,2026-02,44.20229709409344,Moderate,concentration_risk,seller coaching required
S00774,2026-02,35.64099479583015,Moderate,seller_quality,seller coaching required
S00775,2026-02,16.551377584852684,Low,seller_quality,monitor only
S00776,2026-02,46.20288529220096,Moderate,seller_quality,seller coaching required
S00777,2026-02,46.009752741005784,Moderate,seller_quality,seller coaching required
S00778,2026-02,24.61801655672616,Low,seller_quality,monitor only
S00779,2026-02,38.54024459576815,Moderate,seller_quality,seller coaching required
S00780,2026-02,54.845278336856154,Moderate,seller_quality,seller coaching required
S00781,2026-02,28.492652057070945,Low,seller_quality,monitor only
S00782,2026-02,38.699789789521134,Moderate,seller_quality,seller coaching required
S00783,2026-02,30.699656979426372,Moderate,seller_quality,seller coaching required
S00784,2026-02,42.9353689193004,Moderate,seller_quality,seller coaching required
S00785,2026-02,65.36401751844446,High,seller_quality,audit seller operations
S00786,2026-02,52.40948756350135,Moderate,seller_quality,seller coaching required
S00787,2026-02,29.911756888208412,Low,seller_quality,monitor only
S00788,2026-02,53.09836328213323,Moderate,seller_quality,seller coaching required
S00789,2026-02,30.736063473249743,Moderate,seller_quality,seller coaching required
S00790,2026-02,37.12649428926595,Moderate,seller_quality,seller coaching required
S00791,2026-02,33.135779711447725,Moderate,seller_quality,seller coaching required
S00792,2026-02,35.66902902305774,Moderate,concentration_risk,seller coaching required
S00793,2026-02,44.36686248001017,Moderate,seller_quality,seller coaching required
S00794,2026-02,20.936904150404356,Low,seller_quality,monitor only
S00795,2026-02,54.73710844641758,Moderate,concentration_risk,seller coaching required
S00796,2026-02,41.89843903578341,Moderate,concentration_risk,seller coaching required
S00797,2026-02,50.01810795447589,Moderate,concentration_risk,seller coaching required
S00798,2026-02,16.221458905424857,Low,margin_fragility,monitor only
S00799,2026-02,47.634147347263486,Moderate,fraud_exposure,seller coaching required
S00800,2026-02,65.40736503090893,High,seller_quality,audit seller operations
S00801,2026-02,41.465173999471546,Moderate,seller_quality,seller coaching required
S00802,2026-02,23.38145670457476,Low,fraud_exposure,monitor only
S00803,2026-02,23.17209118935515,Low,margin_fragility,monitor only
S00804,2026-02,61.368622416797635,High,seller_quality,audit seller operations
S00805,2026-02,39.26436607608987,Moderate,seller_quality,seller coaching required
S00806,2026-02,33.11419101583497,Moderate,seller_quality,seller coaching required
S00807,2026-02,24.108656672104125,Low,seller_quality,monitor only
S00808,2026-02,46.955357570568296,Moderate,seller_quality,seller coaching required
S00809,2026-02,51.22522781278077,Moderate,seller_quality,seller coaching required
S00810,2026-02,58.05399145673734,High,seller_quality,audit seller operations
S00811,2026-02,40.22625564517068,Moderate,seller_quality,seller coaching required
S00812,2026-02,50.02915888394573,Moderate,seller_quality,seller coaching required
S00813,2026-02,34.37228240307211,Moderate,seller_quality,seller coaching required
S00814,2026-02,50.64439801989547,Moderate,seller_quality,seller coaching required
S00815,2026-02,32.603234142403586,Moderate,seller_quality,seller coaching required
S00816,2026-02,41.104304875701665,Moderate,seller_quality,seller coaching required
S00817,2026-02,38.50058406616684,Moderate,seller_quality,seller coaching required
S00818,2026-02,31.389359762714037,Moderate,seller_quality,seller coaching required
S00819,2026-02,59.16038176745158,High,concentration_risk,investigate dispute cluster
S00820,2026-02,42.526770014968584,Moderate,seller_quality,seller coaching required
S00821,2026-02,46.43719202224874,Moderate,concentration_risk,seller coaching required
S00822,2026-02,31.97603691413927,Moderate,seller_quality,seller coaching required
S00823,2026-02,57.584333341073325,High,seller_quality,audit seller operations
S00824,2026-02,43.95241005052744,Moderate,seller_quality,seller coaching required
S00825,2026-02,34.907933703963195,Moderate,seller_quality,seller coaching required
S00826,2026-02,33.79377394445418,Moderate,seller_quality,seller coaching required
S00827,2026-02,30.273676914192258,Moderate,seller_quality,seller coaching required
S00828,2026-02,40.60940839869628,Moderate,seller_quality,seller coaching required
S00829,2026-02,46.735566247195365,Moderate,concentration_risk,seller coaching required
S00830,2026-02,57.649162903832945,High,seller_quality,audit seller operations
S00831,2026-02,26.36607829387803,Low,seller_quality,monitor only
S00832,2026-02,33.02347592396601,Moderate,seller_quality,seller coaching required
S00833,2026-02,21.91259445868605,Low,concentration_risk,monitor only
S00834,2026-02,43.90810497462051,Moderate,concentration_risk,seller coaching required
S00835,2026-02,27.58256055810842,Low,seller_quality,monitor only
S00836,2026-02,46.08470555161325,Moderate,seller_quality,seller coaching required
S00837,2026-02,39.66035968633908,Moderate,seller_quality,seller coaching required
S00838,2026-02,32.351445970615664,Moderate,seller_quality,seller coaching required
S00839,2026-02,30.65363818914162,Moderate,seller_quality,seller coaching required
S00840,2026-02,47.84707528282368,Moderate,seller_quality,seller coaching required
S00841,2026-02,44.3914797941158,Moderate,seller_quality,seller coaching required
S00842,2026-02,46.59225839940676,Moderate,concentration_risk,seller coaching required
S00843,2026-02,37.629472067339194,Moderate,seller_quality,seller coaching required
S00844,2026-02,29.459613852460677,Low,seller_quality,monitor only
S00845,2026-02,30.11661005226496,Moderate,seller_quality,seller coaching required
S00846,2026-02,34.74889216934812,Moderate,fraud_exposure,seller coaching required
S00847,2026-02,46.625162453005146,Moderate,seller_quality,seller coaching required
S00848,2026-02,47.77046708945414,Moderate,seller_quality,seller coaching required
S00849,2026-02,53.11272065448691,Moderate,seller_quality,seller coaching required
S00850,2026-02,30.45766737179051,Moderate,seller_quality,seller coaching required
S00851,2026-02,52.98304852935971,Moderate,seller_quality,seller coaching required
S00852,2026-02,21.316666666666666,Low,margin_fragility,monitor only
S00853,2026-02,26.430131922896138,Low,seller_quality,monitor only
S00854,2026-02,36.99055777244785,Moderate,seller_quality,seller coaching required
S00855,2026-02,58.42665847767661,High,concentration_risk,investigate dispute cluster
S00856,2026-02,45.596558255496134,Moderate,seller_quality,seller coaching required
S00857,2026-02,42.70188632777069,Moderate,seller_quality,seller coaching required
S00858,2026-02,64.12157338634862,High,seller_quality,audit seller operations
S00859,2026-02,42.82502427543059,Moderate,concentration_risk,seller coaching required
S00860,2026-02,28.347398746559673,Low,seller_quality,monitor only
S00861,2026-02,54.245404022176444,Moderate,concentration_risk,seller coaching required
S00862,2026-02,35.05733039178964,Moderate,seller_quality,seller coaching required
S00863,2026-02,55.45405606196208,High,concentration_risk,investigate dispute cluster
S00864,2026-02,45.497471702413215,Moderate,seller_quality,seller coaching required
S00865,2026-02,63.54376485875416,High,seller_quality,audit seller operations
S00866,2026-02,31.363263676364475,Moderate,margin_fragility,seller coaching required
S00867,2026-02,41.01461303100051,Moderate,seller_quality,seller coaching required
S00868,2026-02,34.395535832049546,Moderate,seller_quality,seller coaching required
S00869,2026-02,34.33463044144568,Moderate,seller_quality,seller coaching required
S00870,2026-02,43.719872700785785,Moderate,seller_quality,seller coaching required
S00871,2026-02,42.486630019709736,Moderate,concentration_risk,seller coaching required
S00872,2026-02,51.00163756321527,Moderate,seller_quality,seller coaching required
S00873,2026-02,34.54074772058525,Moderate,seller_quality,seller coaching required
S00874,2026-02,36.0223559761802,Moderate,seller_quality,seller coaching required
S00875,2026-02,36.6617703101059,Moderate,seller_quality,seller coaching required
S00876,2026-02,58.1080319264953,High,seller_quality,audit seller operations
S00877,2026-02,41.522840225153736,Moderate,seller_quality,seller coaching required
S00878,2026-02,49.21711773625246,Moderate,seller_quality,seller coaching required
S00879,2026-02,42.726804074164946,Moderate,concentration_risk,seller coaching required
S00880,2026-02,42.325502471259405,Moderate,concentration_risk,seller coaching required
S00881,2026-02,55.45298585695103,High,concentration_risk,investigate dispute cluster
S00882,2026-02,42.887105164212734,Moderate,seller_quality,seller coaching required
S00883,2026-02,44.49292152724066,Moderate,seller_quality,seller coaching required
S00884,2026-02,41.278077327669834,Moderate,concentration_risk,seller coaching required
S00885,2026-02,43.98792843747601,Moderate,seller_quality,seller coaching required
S00886,2026-02,46.371642012044944,Moderate,seller_quality,seller coaching required
S00887,2026-02,46.89730532004285,Moderate,seller_quality,seller coaching required
S00888,2026-02,47.504058158125055,Moderate,seller_quality,seller coaching required
S00889,2026-02,56.827234663433295,High,seller_quality,audit seller operations
S00890,2026-02,52.107436321627794,Moderate,concentration_risk,seller coaching required
S00891,2026-02,55.40788942862002,High,seller_quality,audit seller operations
S00892,2026-02,41.04259416914076,Moderate,seller_quality,seller coaching required
S00893,2026-02,40.228659318147216,Moderate,margin_fragility,seller coaching required
S00894,2026-02,35.94756884960232,Moderate,seller_quality,seller coaching required
S00895,2026-02,51.142648090526166,Moderate,seller_quality,seller coaching required
S00896,2026-02,52.83681391512897,Moderate,concentration_risk,seller coaching required
S00897,2026-02,56.1344727133196,High,seller_quality,audit seller operations
S00898,2026-02,30.900415740373298,Moderate,seller_quality,seller coaching required
S00899,2026-02,55.96389000176169,High,seller_quality,audit seller operations
S00900,2026-02,57.80005797502645,High,seller_quality,audit seller operations
S00901,2026-02,36.72088763055376,Moderate,seller_quality,seller coaching required
S00902,2026-02,42.78723895735686,Moderate,concentration_risk,seller coaching required
S00903,2026-02,41.511055124439835,Moderate,seller_quality,seller coaching required
S00904,2026-02,52.46916438677371,Moderate,seller_quality,seller coaching required
S00905,2026-02,57.66873768758799,High,seller_quality,audit seller operations
S00906,2026-02,44.481206633414345,Moderate,concentration_risk,seller coaching required
S00907,2026-02,31.312849288451126,Moderate,seller_quality,seller coaching required
S00908,2026-02,54.00941339668178,Moderate,seller_quality,seller coaching required
S00909,2026-02,28.73844410220203,Low,seller_quality,monitor only
S00910,2026-02,47.961183876737884,Moderate,concentration_risk,seller coaching required
S00911,2026-02,36.925375903024495,Moderate,seller_quality,seller coaching required
S00912,2026-02,50.383542387314506,Moderate,seller_quality,seller coaching required
S00913,2026-02,28.45200812106617,Low,seller_quality,monitor only
S00914,2026-02,30.764471855992,Moderate,seller_quality,seller coaching required
S00915,2026-02,31.460543335940564,Moderate,margin_fragility,seller coaching required
S00916,2026-02,59.29057194407606,High,seller_quality,audit seller operations
S00917,2026-02,29.413134963569206,Low,seller_quality,monitor only
S00918,2026-02,44.11925845299474,Moderate,seller_quality,seller coaching required
S00919,2026-02,47.60543351605578,Moderate,seller_quality,seller coaching required
S00920,2026-02,41.97757343862695,Moderate,concentration_risk,seller coaching required
S00921,2026-02,38.460373140351706,Moderate,seller_quality,seller coaching required
S00922,2026-02,66.46868111090052,High,seller_quality,audit seller operations
S00923,2026-02,49.440774250008225,Moderate,concentration_risk,seller coaching required
S00924,2026-02,34.65026952796945,Moderate,seller_quality,seller coaching required
S00925,2026-02,54.495339077675254,Moderate,seller_quality,seller coaching required
S00926,2026-02,45.69931273229785,Moderate,seller_quality,seller coaching required
S00927,2026-02,53.553445476205404,Moderate,seller_quality,seller coaching required
S00928,2026-02,28.53087236642248,Low,seller_quality,monitor only
S00929,2026-02,42.327974334714696,Moderate,seller_quality,seller coaching required
S00930,2026-02,43.96752496203259,Moderate,seller_quality,seller coaching required
S00931,2026-02,41.373654094929286,Moderate,seller_quality,seller coaching required
S00932,2026-02,36.58990594115954,Moderate,seller_quality,seller coaching required
S00933,2026-02,37.633651704261354,Moderate,margin_fragility,seller coaching required
S00934,2026-02,39.898290694807244,Moderate,seller_quality,seller coaching required
S00935,2026-02,44.13542303682065,Moderate,seller_quality,seller coaching required
S00936,2026-02,51.43030624746537,Moderate,seller_quality,seller coaching required
S00937,2026-02,48.776496584325216,Moderate,seller_quality,seller coaching required
S00938,2026-02,21.96608665723727,Low,seller_quality,monitor only
S00939,2026-02,56.77812719669727,High,seller_quality,audit seller operations
S00940,2026-02,69.27366013730075,High,seller_quality,audit seller operations
S00941,2026-02,22.842592995446747,Low,seller_quality,monitor only
S00942,2026-02,45.458534235974064,Moderate,seller_quality,seller coaching required
S00943,2026-02,32.600900927583815,Moderate,concentration_risk,seller coaching required
S00944,2026-02,41.577090090850284,Moderate,seller_quality,seller coaching required
S00945,2026-02,48.809413122175556,Moderate,seller_quality,seller coaching required
S00946,2026-02,52.17193676620535,Moderate,seller_quality,seller coaching required
S00947,2026-02,36.251281704365994,Moderate,seller_quality,seller coaching required
S00948,2026-02,66.19327836081726,High,seller_quality,audit seller operations
S00949,2026-02,49.98921635863594,Moderate,seller_quality,seller coaching required
S00950,2026-02,45.15636496056293,Moderate,concentration_risk,seller coaching required
S00951,2026-02,34.36806565423275,Moderate,seller_quality,seller coaching required
S00952,2026-02,40.28526283634928,Moderate,seller_quality,seller coaching required
S00953,2026-02,33.4485416524836,Moderate,seller_quality,seller coaching required
S00954,2026-02,49.79241144656253,Moderate,seller_quality,seller coaching required
S00955,2026-02,35.557339362367905,Moderate,seller_quality,seller coaching required
S00956,2026-02,35.75086550709737,Moderate,seller_quality,seller coaching required
S00957,2026-02,38.31156803021317,Moderate,seller_quality,seller coaching required
S00958,2026-02,39.90295239198224,Moderate,seller_quality,seller coaching required
S00959,2026-02,20.112397523271024,Low,seller_quality,monitor only
S00960,2026-02,21.36071614953784,Low,seller_quality,monitor only
S00961,2026-02,61.0382954114926,High,seller_quality,audit seller operations
S00962,2026-02,18.200111527691718,Low,seller_quality,monitor only
S00963,2026-02,44.79218887597625,Moderate,concentration_risk,seller coaching required
S00964,2026-02,56.09121958620767,High,seller_quality,audit seller operations
S00965,2026-02,56.71427995619273,High,seller_quality,audit seller operations
S00966,2026-02,33.190026140081805,Moderate,seller_quality,seller coaching required
S00967,2026-02,24.335,Low,seller_quality,monitor only
S00968,2026-02,70.13051303203547,High,seller_quality,audit seller operations
S00969,2026-02,40.42085721018411,Moderate,seller_quality,seller coaching required
S00970,2026-02,52.72243511780073,Moderate,concentration_risk,seller coaching required
S00971,2026-02,45.03981223673719,Moderate,concentration_risk,seller coaching required
S00972,2026-02,42.98853921835789,Moderate,seller_quality,seller coaching required
S00973,2026-02,50.104372806873926,Moderate,seller_quality,seller coaching required
S00974,2026-02,43.33411127563325,Moderate,concentration_risk,seller coaching required
S00975,2026-02,55.47520370061271,High,seller_quality,audit seller operations
S00976,2026-02,43.062149915783976,Moderate,seller_quality,seller coaching required
S00977,2026-02,42.14185216109009,Moderate,seller_quality,seller coaching required
S00978,2026-02,51.64239929468967,Moderate,fraud_exposure,seller coaching required
S00979,2026-02,29.83942079370565,Low,seller_quality,monitor only
S00980,2026-02,44.71231063179348,Moderate,seller_quality,seller coaching required
S00981,2026-02,42.21031579910948,Moderate,seller_quality,seller coaching required
S00982,2026-02,39.97988369473243,Moderate,seller_quality,seller coaching required
S00983,2026-02,38.61010658140815,Moderate,seller_quality,seller coaching required
S00984,2026-02,36.978201702536545,Moderate,seller_quality,seller coaching required
S00985,2026-02,55.21468146363701,High,seller_quality,audit seller operations
S00986,2026-02,25.070259744881877,Low,seller_quality,monitor only
S00987,2026-02,57.42882559161988,High,seller_quality,audit seller operations
S00988,2026-02,69.75307448401603,High,seller_quality,audit seller operations
S00989,2026-02,29.387662227780233,Low,seller_quality,monitor only
S00990,2026-02,49.134926951992725,Moderate,seller_quality,seller coaching required
S00991,2026-02,52.57660958302169,Moderate,seller_quality,seller coaching required
S00992,2026-02,43.4183100736857,Moderate,concentration_risk,seller coaching required
S00993,2026-02,38.044385397747945,Moderate,concentration_risk,seller coaching required
S00994,2026-02,36.082181758279184,Moderate,seller_quality,seller coaching required
S00995,2026-02,38.52766990136551,Moderate,seller_quality,seller coaching required
S00996,2026-02,37.726361933684196,Moderate,seller_quality,seller coaching required
S00997,2026-02,55.768993443750794,High,concentration_risk,investigate dispute cluster
S00998,2026-02,16.137141775301565,Low,seller_quality,monitor only
S00999,2026-02,40.2653061714995,Moderate,seller_quality,seller coaching required
S01000,2026-02,29.076760382331813,Low,margin_fragility,monitor only
S01001,2026-02,46.891842695740635,Moderate,seller_quality,seller coaching required
S01002,2026-02,39.30402892410038,Moderate,seller_quality,seller coaching required
S01003,2026-02,45.545938035231345,Moderate,concentration_risk,seller coaching required
S01004,2026-02,44.763137390640466,Moderate,seller_quality,seller coaching required
S01005,2026-02,34.8919788404429,Moderate,seller_quality,seller coaching required
S01006,2026-02,50.367554207559806,Moderate,seller_quality,seller coaching required
S01007,2026-02,31.6536816384748,Moderate,seller_quality,seller coaching required
S01008,2026-02,36.114191083698294,Moderate,seller_quality,seller coaching required
S01009,2026-02,38.400505142732456,Moderate,seller_quality,seller coaching required
S01010,2026-02,47.56030866354635,Moderate,seller_quality,seller coaching required
S01011,2026-02,39.14868790984307,Moderate,seller_quality,seller coaching required
S01012,2026-02,39.183036126805526,Moderate,seller_quality,seller coaching required
S01013,2026-02,53.76880096117894,Moderate,seller_quality,seller coaching required
S01014,2026-02,54.186250198986826,Moderate,seller_quality,seller coaching required
S01015,2026-02,30.79824636959633,Moderate,seller_quality,seller coaching required
S01016,2026-02,43.87787883700017,Moderate,concentration_risk,seller coaching required
S01017,2026-02,14.866733097619592,Low,seller_quality,monitor only
S01018,2026-02,59.54518015175046,High,seller_quality,audit seller operations
S01019,2026-02,47.83738812082793,Moderate,concentration_risk,seller coaching required
S01020,2026-02,50.65127874153894,Moderate,seller_quality,seller coaching required
S01021,2026-02,29.71065458271798,Low,seller_quality,monitor only
S01022,2026-02,40.30740856875315,Moderate,concentration_risk,seller coaching required
S01023,2026-02,33.96037399899001,Moderate,seller_quality,seller coaching required
S01024,2026-02,37.77756262916439,Moderate,seller_quality,seller coaching required
S01025,2026-02,37.28372102921993,Moderate,concentration_risk,seller coaching required
S01026,2026-02,28.867480099959458,Low,seller_quality,monitor only
S01027,2026-02,53.706596914076044,Moderate,concentration_risk,seller coaching required
S01028,2026-02,52.705588662241965,Moderate,concentration_risk,seller coaching required
S01029,2026-02,35.26066481472437,Moderate,seller_quality,seller coaching required
S01030,2026-02,35.36993266502652,Moderate,seller_quality,seller coaching required
S01031,2026-02,44.66303716146664,Moderate,seller_quality,seller coaching required
S01032,2026-02,43.36772347162611,Moderate,seller_quality,seller coaching required
S01033,2026-02,21.392065848556214,Low,seller_quality,monitor only
S01034,2026-02,42.522847367771405,Moderate,seller_quality,seller coaching required
S01035,2026-02,31.617065003591303,Moderate,seller_quality,seller coaching required
S01036,2026-02,48.41591632898029,Moderate,concentration_risk,seller coaching required
S01037,2026-02,34.07203060224297,Moderate,seller_quality,seller coaching required
S01038,2026-02,52.763511655664125,Moderate,seller_quality,seller coaching required
S01039,2026-02,47.04050968518836,Moderate,seller_quality,seller coaching required
S01040,2026-02,47.27231346528409,Moderate,seller_quality,seller coaching required
S01041,2026-02,44.076381327138954,Moderate,seller_quality,seller coaching required
S01042,2026-02,30.222979754711833,Moderate,seller_quality,seller coaching required
S01043,2026-02,39.90427296760695,Moderate,seller_quality,seller coaching required
S01044,2026-02,53.36458360996045,Moderate,concentration_risk,seller coaching required
S01045,2026-02,41.721516203594916,Moderate,seller_quality,seller coaching required
S01046,2026-02,41.06405033807515,Moderate,seller_quality,seller coaching required
S01047,2026-02,50.58980243920092,Moderate,concentration_risk,seller coaching required
S01048,2026-02,37.435618516774475,Moderate,concentration_risk,seller coaching required
S01049,2026-02,44.69698247399859,Moderate,seller_quality,seller coaching required
S01050,2026-02,52.961231237609965,Moderate,seller_quality,seller coaching required
S01051,2026-02,48.0137422774644,Moderate,seller_quality,seller coaching required
S01052,2026-02,45.99431324472918,Moderate,concentration_risk,seller coaching required
S01053,2026-02,36.640963293209836,Moderate,seller_quality,seller coaching required
S01054,2026-02,61.07497306512418,High,seller_quality,audit seller operations
S01055,2026-02,23.912995103004214,Low,seller_quality,monitor only
S01056,2026-02,64.87998167609963,High,seller_quality,audit seller operations
S01057,2026-02,48.66973870356356,Moderate,seller_quality,seller coaching required
S01058,2026-02,45.235798046058704,Moderate,seller_quality,seller coaching required
S01059,2026-02,37.459998978848354,Moderate,concentration_risk,seller coaching required
S01060,2026-02,41.04946586545301,Moderate,seller_quality,seller coaching required
S01061,2026-02,46.21990902265807,Moderate,seller_quality,seller coaching required
S01062,2026-02,40.14829588298974,Moderate,seller_quality,seller coaching required
S01063,2026-02,24.128540846013234,Low,seller_quality,monitor only
S01064,2026-02,52.19435459406608,Moderate,seller_quality,seller coaching required
S01065,2026-02,21.457161152227545,Low,seller_quality,monitor only
S01066,2026-02,53.894490719117115,Moderate,seller_quality,seller coaching required
S01067,2026-02,52.83733174859102,Moderate,concentration_risk,seller coaching required
S01068,2026-02,37.053826786966404,Moderate,seller_quality,seller coaching required
S01069,2026-02,39.40602623205188,Moderate,concentration_risk,seller coaching required
S01070,2026-02,61.35236670382985,High,seller_quality,audit seller operations
S01071,2026-02,34.78199129951153,Moderate,concentration_risk,seller coaching required
S01072,2026-02,33.48784040738721,Moderate,seller_quality,seller coaching required
S01073,2026-02,50.394029162679175,Moderate,seller_quality,seller coaching required
S01074,2026-02,57.53433348194787,High,seller_quality,audit seller operations
S01075,2026-02,40.21033242317757,Moderate,concentration_risk,seller coaching required
S01076,2026-02,47.214666980394895,Moderate,fraud_exposure,seller coaching required
S01077,2026-02,32.75417499843252,Moderate,seller_quality,seller coaching required
S01078,2026-02,57.510086242083275,High,seller_quality,audit seller operations
S01079,2026-02,34.437195464709916,Moderate,concentration_risk,seller coaching required
S01080,2026-02,38.137659169030755,Moderate,concentration_risk,seller coaching required
S01081,2026-02,55.61719309637306,High,seller_quality,audit seller operations
S01082,2026-02,50.64977145519974,Moderate,seller_quality,seller coaching required
S01083,2026-02,25.100556863251814,Low,seller_quality,monitor only
S01084,2026-02,36.05043547361017,Moderate,seller_quality,seller coaching required
S01085,2026-02,43.39654926290049,Moderate,seller_quality,seller coaching required
S01086,2026-02,49.0705483002764,Moderate,seller_quality,seller coaching required
S01087,2026-02,45.48482976246063,Moderate,seller_quality,seller coaching required
S01088,2026-02,33.573008150958934,Moderate,seller_quality,seller coaching required
S01089,2026-02,37.85357664635701,Moderate,seller_quality,seller coaching required
S01090,2026-02,37.7966364995604,Moderate,seller_quality,seller coaching required
S01091,2026-02,31.459638645294522,Moderate,seller_quality,seller coaching required
S01092,2026-02,39.527110335464215,Moderate,seller_quality,seller coaching required
S01093,2026-02,45.99356279116073,Moderate,seller_quality,seller coaching required
S01094,2026-02,65.21902676126982,High,seller_quality,audit seller operations
S01095,2026-02,48.95783295107073,Moderate,seller_quality,seller coaching required
S01096,2026-02,50.25870373358383,Moderate,seller_quality,seller coaching required
S01097,2026-02,37.941353359517564,Moderate,seller_quality,seller coaching required
S01098,2026-02,42.51118152507394,Moderate,seller_quality,seller coaching required
S01099,2026-02,43.580992408940745,Moderate,concentration_risk,seller coaching required
S01100,2026-02,41.387933399356335,Moderate,seller_quality,seller coaching required
S01101,2026-02,37.65722818173116,Moderate,seller_quality,seller coaching required
S01102,2026-02,44.31261245692926,Moderate,concentration_risk,seller coaching required
S01103,2026-02,35.360508709886666,Moderate,seller_quality,seller coaching required
S01104,2026-02,48.060081809259486,Moderate,seller_quality,seller coaching required
S01105,2026-02,49.11095826928352,Moderate,seller_quality,seller coaching required
S01106,2026-02,48.174356451604716,Moderate,seller_quality,seller coaching required
S01107,2026-02,49.456086769458764,Moderate,concentration_risk,seller coaching required
S01108,2026-02,45.35854472021464,Moderate,seller_quality,seller coaching required
S01109,2026-02,48.4145239142034,Moderate,seller_quality,seller coaching required
S01110,2026-02,34.86663380365692,Moderate,seller_quality,seller coaching required
S01111,2026-02,37.218837316620814,Moderate,seller_quality,seller coaching required
S01112,2026-02,53.07396109537693,Moderate,seller_quality,seller coaching required
S01113,2026-02,41.79797966295088,Moderate,concentration_risk,seller coaching required
S01114,2026-02,35.24708709554648,Moderate,seller_quality,seller coaching required
S01115,2026-02,51.72328540142266,Moderate,concentration_risk,seller coaching required
S01116,2026-02,36.630187743343555,Moderate,concentration_risk,seller coaching required
S01117,2026-02,29.925534718510526,Low,concentration_risk,monitor only
S01118,2026-02,37.1399549896973,Moderate,margin_fragility,seller coaching required
S01119,2026-02,44.219121659023855,Moderate,seller_quality,seller coaching required
S01120,2026-02,29.935908398231337,Low,seller_quality,monitor only
S01121,2026-02,52.528025580355944,Moderate,seller_quality,seller coaching required
S01122,2026-02,44.63575663201186,Moderate,seller_quality,seller coaching required
S01123,2026-02,45.491691599501216,Moderate,seller_quality,seller coaching required
S01124,2026-02,44.385412490011085,Moderate,seller_quality,seller coaching required
S01125,2026-02,24.850852968171452,Low,seller_quality,monitor only
S01126,2026-02,51.76216193788212,Moderate,seller_quality,seller coaching required
S01127,2026-02,36.89685236432213,Moderate,seller_quality,seller coaching required
S01128,2026-02,39.660469464871944,Moderate,seller_quality,seller coaching required
S01129,2026-02,35.25209032530276,Moderate,fraud_exposure,seller coaching required
S01130,2026-02,36.74505894700687,Moderate,seller_quality,seller coaching required
S01131,2026-02,38.60819780348399,Moderate,seller_quality,seller coaching required
S01132,2026-02,40.47450472168464,Moderate,seller_quality,seller coaching required
S01133,2026-02,37.7980017998195,Moderate,margin_fragility,seller coaching required
S01134,2026-02,44.26752716668414,Moderate,seller_quality,seller coaching required
S01135,2026-02,52.21710107888161,Moderate,concentration_risk,seller coaching required
S01136,2026-02,41.839305893848355,Moderate,seller_quality,seller coaching required
S01137,2026-02,38.26369471559497,Moderate,seller_quality,seller coaching required
S01138,2026-02,33.897579876262064,Moderate,seller_quality,seller coaching required
S01139,2026-02,46.54222659768446,Moderate,concentration_risk,seller coaching required
S01140,2026-02,39.25251063522856,Moderate,seller_quality,seller coaching required
S01141,2026-02,48.06838397120783,Moderate,seller_quality,seller coaching required
S01142,2026-02,29.38925685369226,Low,seller_quality,monitor only
S01143,2026-02,53.77467765899209,Moderate,seller_quality,seller coaching required
S01144,2026-02,55.26492413269081,High,seller_quality,audit seller operations
S01145,2026-02,45.13459754433443,Moderate,seller_quality,seller coaching required
S01146,2026-02,42.47630988957378,Moderate,concentration_risk,seller coaching required
S01147,2026-02,37.79143905074447,Moderate,seller_quality,seller coaching required
S01148,2026-02,41.22951614547926,Moderate,seller_quality,seller coaching required
S01149,2026-02,67.82992571975666,High,seller_quality,audit seller operations
S01150,2026-02,40.79052643570409,Moderate,seller_quality,seller coaching required
S01151,2026-02,34.42334450727746,Moderate,seller_quality,seller coaching required
S01152,2026-02,28.037812688528536,Low,seller_quality,monitor only
S01153,2026-02,33.60418892377193,Moderate,seller_quality,seller coaching required
S01154,2026-02,49.83453256867619,Moderate,seller_quality,seller coaching required
S01155,2026-02,50.96743601040019,Moderate,seller_quality,seller coaching required
S01156,2026-02,44.917415810347066,Moderate,seller_quality,seller coaching required
S01157,2026-02,52.758153715752556,Moderate,concentration_risk,seller coaching required
S01158,2026-02,31.99665447267281,Moderate,seller_quality,seller coaching required
S01159,2026-02,43.10681891755629,Moderate,seller_quality,seller coaching required
S01160,2026-02,35.34379550633621,Moderate,seller_quality,seller coaching required
S01161,2026-02,37.27770794735071,Moderate,seller_quality,seller coaching required
S01162,2026-02,38.25406888912918,Moderate,concentration_risk,seller coaching required
S01163,2026-02,40.14315768712801,Moderate,seller_quality,seller coaching required
S01164,2026-02,55.33381735953921,High,concentration_risk,investigate dispute cluster
S01165,2026-02,32.58574129506265,Moderate,seller_quality,seller coaching required
S01166,2026-02,42.52417465928701,Moderate,seller_quality,seller coaching required
S01167,2026-02,55.13249984326473,High,seller_quality,audit seller operations
S01168,2026-02,30.738207494632384,Moderate,seller_quality,seller coaching required
S01169,2026-02,58.815617214993736,High,seller_quality,audit seller operations
S01170,2026-02,49.34005864068379,Moderate,seller_quality,seller coaching required
S01171,2026-02,17.840569225977262,Low,seller_quality,monitor only
S01172,2026-02,46.84309503631364,Moderate,seller_quality,seller coaching required
S01173,2026-02,30.818708769698546,Moderate,margin_fragility,seller coaching required
S01174,2026-02,38.499842041914,Moderate,concentration_risk,seller coaching required
S01175,2026-02,48.68597449697474,Moderate,concentration_risk,seller coaching required
S01176,2026-02,41.00367923140148,Moderate,seller_quality,seller coaching required
S01177,2026-02,55.739225141956254,High,seller_quality,audit seller operations
S01178,2026-02,48.44586837386156,Moderate,seller_quality,seller coaching required
S01179,2026-02,51.793327069657856,Moderate,margin_fragility,seller coaching required
S01180,2026-02,32.560053768636315,Moderate,seller_quality,seller coaching required
S01181,2026-02,44.18695346833509,Moderate,concentration_risk,seller coaching required
S01182,2026-02,34.12079202921745,Moderate,seller_quality,seller coaching required
S01183,2026-02,53.965103408983865,Moderate,concentration_risk,seller coaching required
S01184,2026-02,56.415231058709445,High,seller_quality,audit seller operations
S01185,2026-02,48.04367230707635,Moderate,concentration_risk,seller coaching required
S01186,2026-02,38.309051961881416,Moderate,seller_quality,seller coaching required
S01187,2026-02,26.54550866940994,Low,seller_quality,monitor only
S01188,2026-02,39.37027926306156,Moderate,seller_quality,seller coaching required
S01189,2026-02,33.66130935469253,Moderate,seller_quality,seller coaching required
S01190,2026-02,38.0478466309757,Moderate,concentration_risk,seller coaching required
S01191,2026-02,36.15894394303507,Moderate,seller_quality,seller coaching required
S01192,2026-02,43.62654884234943,Moderate,seller_quality,seller coaching required
S01193,2026-02,54.26729963521922,Moderate,seller_quality,seller coaching required
S01194,2026-02,33.40241869892866,Moderate,seller_quality,seller coaching required
S01195,2026-02,33.220514565692085,Moderate,seller_quality,seller coaching required
S01196,2026-02,32.79042860471763,Moderate,seller_quality,seller coaching required
S01197,2026-02,43.02574528359159,Moderate,seller_quality,seller coaching required
S01198,2026-02,50.79925068598206,Moderate,seller_quality,seller coaching required
S01199,2026-02,47.967061007623904,Moderate,seller_quality,seller coaching required
S01200,2026-02,41.97998471406425,Moderate,seller_quality,seller coaching required
